AggressionTestID,ID,ColourID,ID_Series,SiteID,NestID,Year2,Year,Sex,NestStage,RawMinDis,MinDis,Date,TravelMode,NestApproach,Observer,NestVisibleDistance,NumberAdultsPresent,NumberOfEggs,NumberOfChicks,ClutchSize,JulianLay,JulianHatch,LayDate,HatchDate,NumberHatched,Fledged,NumberFledged,JulianTestDay
302,228Male,,72Male2019,72,228,1,2019,Male,1Laying,-99,-98,6/18/2019,Snowmobile,Above,Erik,-99,2,0,0,3,,,,,0,0,0,169
100,1Male,,1Male2018,1,1,0,2018,Male,2Incubating,-98,-98,7/5/2018,Quad,Above,Silu,3,2,2,0,2,160,199,6/9/2018,7/18/2018,2,1,2,186
131,1Male,,1Male2018,1,1,0,2018,Male,2Incubating,-98,-98,7/12/2018,Quad,Above,Matthew,3,1,2,0,2,160,199,6/9/2018,7/18/2018,2,1,2,193
441,44H,44H,44HMale2019,1,157,1,2019,Male,3Provisioning,-98,-98,7/26/2019,Boat,Above,Erik,1,1,0,1,3,162,198,6/11/2019,7/17/2019,1,0,0,207
47,11A,11A,11AMale2018,3,3,0,2018,Male,1Laying,-98,-98,6/14/2018,Snowmobile,Below,Kevin,1,1,3,0,4,161,199,6/10/2018,7/18/2018,3,0,0,165
194,11A,11A,11AMale2018,3,3,0,2018,Male,3Provisioning,-98,-98,8/6/2018,Quad,Above,Erik,3,1,0,3,4,161,199,6/10/2018,7/18/2018,3,0,0,218
394,01H,01H,01HMale2019,8,164,1,2019,Male,3Provisioning,-98,-98,7/18/2019,Boat,Above,Erik,2,1,1,2,3,,197,,7/16/2019,2,1,1,199
445,01H,01H,01HMale2019,8,164,1,2019,Male,3Provisioning,-98,-98,7/29/2019,Quad,Below,Erik,1,1,0,2,3,,197,,7/16/2019,2,1,1,210
473,01H,01H,01HMale2019,8,164,1,2019,Male,3Provisioning,-98,-98,8/18/2019,Boat,Below,Nick,1,1,0,1,3,,197,,7/16/2019,2,1,1,230
151,89E,89E,89EMale2018,8,8,0,2018,Male,3Provisioning,-98,-98,7/19/2018,Boat,Below,Erik,4,1,1,2,4,157,,6/6/2018,,2,1,2,200
230,89E,89E,89EMale2018,8,8,0,2018,Male,3Provisioning,-98,-98,8/10/2018,Boat,Below,Erik,1,1,0,1,4,157,,6/6/2018,,2,1,2,222
457,168Male,,12Male2019,12,168,1,2019,Male,3Provisioning,-98,-98,8/16/2019,Boat,Above,Rebekah,2,1,0,1,4,159,195,6/8/2019,7/14/2019,4,1,1,228
97,43A,43A,43AMale2018,18,18,0,2018,Male,2Incubating,-98,-98,7/5/2018,Quad,Above,Silu,3,1,4,0,4,159,195,6/8/2018,7/14/2018,4,1,3,186
185,43A,43A,43AMale2018,18,18,0,2018,Male,3Provisioning,-98,-98,7/26/2018,Quad,Above,Erik,2,1,0,4,4,159,195,6/8/2018,7/14/2018,4,1,3,207
240,43A,43A,43AMale2018,18,18,0,2018,Male,3Provisioning,-98,-98,8/9/2018,Quad,Above,Erik,3,2,0,3,4,159,195,6/8/2018,7/14/2018,4,1,3,221
170,14H,14H,14HMale2018,22,22,0,2018,Male,3Provisioning,-98,-98,7/24/2018,Boat,Above,Erik,3,1,0,3,3,158,193,6/7/2018,7/12/2018,3,1,3,205
168,23Male,,23Male2018,23,23,0,2018,Male,3Provisioning,-98,-98,7/24/2018,Boat,Above,Erik,3,1,1,1,3,159,195,6/8/2018,7/14/2018,2,1,1,205
413,179Male,,23Male2019,23,179,1,2019,Male,3Provisioning,-98,-98,7/22/2019,Boat,Below,Rebekah,20,0,0,0,3,161,195,6/10/2019,7/14/2019,2,0,0,203
138,41H,41H,41HMale2018,29,29,0,2018,Male,3Provisioning,-98,-98,7/17/2018,Boat,Below,Erik,1,1,0,1,4,158,194,6/7/2018,7/13/2018,4,0,0,198
175,41H,41H,41HMale2018,29,29,0,2018,Male,3Provisioning,-98,-98,7/24/2018,Boat,Below,Erik,5,1,0,1,4,158,194,6/7/2018,7/13/2018,4,0,0,205
268,186Male,,30Male2019,30,186,1,2019,Male,2Incubating,-98,-98,6/19/2019,Snowmobile,Below,Kevin,10,1,4,0,4,,197,,7/16/2019,2,0,0,170
414,186Male,,30Male2019,30,186,1,2019,Male,3Provisioning,-98,-98,7/25/2019,Boat,Below,Nick,2,1,0,2,4,,197,,7/16/2019,2,0,0,206
108,15C,15C,15CMale2018,33,33,0,2018,Male,2Incubating,-98,-98,7/9/2018,Quad,Above,Erik,3,1,3,0,3,,201,,7/20/2018,2,1,2,190
181,15C,15C,15CMale2018,33,33,0,2018,Male,3Provisioning,-98,-98,7/25/2018,Quad,Above,Erik,2,1,0,2,3,,201,,7/20/2018,2,1,2,206
210,15C,15C,15CMale2018,33,33,0,2018,Male,3Provisioning,-98,-98,8/1/2018,Quad,Above,Erik,2,2,0,2,3,,201,,7/20/2018,2,1,2,213
417,193Male,,37Male2019,37,193,1,2019,Male,3Provisioning,-98,-98,7/23/2019,Quad,Above,Erik,2,1,0,4,4,,201,,7/20/2019,4,0,0,204
329,24K,24K,24KFemale2019,39,195,1,2019,Female,2Incubating,-98,-98,6/24/2019,Snowmobile,Above,Rebekah,5,1,4,0,4,160,196,6/9/2019,7/15/2019,4,1,1,175
458,24K,24K,24KFemale2019,39,195,1,2019,Female,3Provisioning,-98,-98,8/16/2019,Boat,Above,Rebekah,2,1,0,1,4,160,196,6/9/2019,7/15/2019,4,1,1,228
196,40Male,,40Male2018,40,40,0,2018,Male,3Provisioning,-98,-98,8/6/2018,Quad,Above,Erik,3,1,0,1,4,161,200,6/10/2019,7/19/2018,3,1,1,218
391,196Male,,40Male2019,40,196,1,2019,Male,2Incubating,-98,-98,7/17/2019,Boat,Below,Nick,2,1,4,0,4,167,204,6/16/2019,7/23/2019,3,0,0,198
429,196Male,,40Male2019,40,196,1,2019,Male,3Provisioning,-98,-98,7/26/2019,Boat,Below,Erik,2,1,0,3,4,167,204,6/16/2019,7/23/2019,3,0,0,207
223,155Male,,45Male2018,45,155,0,2018,Male,3Provisioning,-98,-98,8/14/2018,Boat,Below,Erik,5,1,0,3,3,162,200,6/11/2018,7/19/2018,3,1,3,226
285,50H,50H,50HMale2019,45,201,1,2019,Male,1Laying,-98,-98,6/12/2019,Snowmobile,Below,Erik,1,1,2,0,3,162,200,6/11/2019,7/19/2019,1,1,1,163
446,50H,50H,50HMale2019,45,201,1,2019,Male,3Provisioning,-98,-98,7/26/2019,Boat,Above,Erik,1,1,0,1,3,162,200,6/11/2019,7/19/2019,1,1,1,207
453,201Female,,45Female2019,45,201,1,2019,Female,3Provisioning,-98,-98,8/16/2019,Boat,Above,Rebekah,2,0,0,1,3,162,200,6/11/2019,7/19/2019,1,1,1,228
452,50H,50H,50HMale2019,45,201,1,2019,Male,3Provisioning,-98,-98,8/16/2019,Boat,Above,Rebekah,2,0,0,1,3,162,200,6/11/2019,7/19/2019,1,1,1,228
467,50H,50H,50HMale2019,45,201,1,2019,Male,3Provisioning,-98,-98,8/9/2019,Boat,Below,Nick,2,2,0,1,3,162,200,6/11/2019,7/19/2019,1,1,1,221
63,47Male,,47Male2018,47,47,0,2018,Male,2Incubating,-98,-98,6/22/2018,Quad,Above,Kevin,3,1,3,0,3,,203,,7/22/2018,3,0,0,173
212,47Male,,47Male2018,47,47,0,2018,Male,3Provisioning,-98,-98,7/31/2018,Quad,Above,Erik,3,1,0,3,3,,203,,7/22/2018,3,0,0,212
199,32K,32K,32KFemale2018,51,51,0,2018,Female,3Provisioning,-98,-98,8/5/2018,Quad,Above,Erik,2,0,0,1,4,,197,,7/16/2018,3,1,1,217
57,43H,43H,43HMale2018,51,51,0,2018,Male,2Incubating,-98,-98,6/18/2018,Quad,Above,Kevin,2,1,4,0,4,,197,,7/16/2018,3,1,1,169
107,43H,43H,43HMale2018,51,51,0,2018,Male,2Incubating,-98,-98,7/8/2018,Quad,Above,Erik,50,1,4,0,4,,197,,7/16/2018,3,1,1,189
198,43H,43H,43HMale2018,51,51,0,2018,Male,3Provisioning,-98,-98,8/5/2018,Quad,Above,Erik,2,0,0,1,4,,197,,7/16/2018,3,1,1,217
214,43H,43H,43HMale2018,51,51,0,2018,Male,3Provisioning,-98,-98,7/31/2018,Quad,Above,Erik,2,1,0,3,4,,197,,7/16/2018,3,1,1,212
232,43H,43H,43HMale2018,51,51,0,2018,Male,3Provisioning,-98,-98,8/10/2018,Boat,Below,Erik,1,2,0,1,4,,197,,7/16/2018,3,1,1,222
111,57Male,,57Male2018,57,57,0,2018,Male,2Incubating,-98,-98,7/9/2018,Quad,Above,Matthew,1,1,3,0,3,162,198,6/11/2018,7/17/2018,2,1,2,190
125,57Male,,57Male2018,57,57,0,2018,Male,2Incubating,-98,-98,7/14/2018,Quad,Above,Matthew,2,1,3,0,3,162,198,6/11/2018,7/17/2018,2,1,2,195
113,58Male,,58Male2018,58,58,0,2018,Male,2Incubating,-98,-98,7/9/2018,Quad,Above,Matthew,5,0,3,0,3,163,,6/12/2018,,,0,0,190
155,58Male,,58Male2018,58,58,0,2018,Male,2Incubating,-98,-98,7/20/2018,Quad,Below,Silu,6,2,3,0,3,163,,6/12/2018,,,0,0,201
189,58Male,,58Male2018,58,58,0,2018,Male,2Incubating,-98,-98,7/26/2018,Quad,Below,Erik,3,1,3,0,3,163,,6/12/2018,,,0,0,207
112,89C,89C,89CFemale2018,58,58,0,2018,Female,2Incubating,-98,-98,7/9/2018,Quad,Above,Erik,5,0,3,0,3,163,,6/12/2018,,,0,0,190
290,214Male,,58Male2019,58,214,1,2019,Male,2Incubating,-98,-98,6/21/2019,Quad,Below,Nick,2,1,4,0,4,,199,,7/18/2019,2,0,0,172
374,217Male,,61Male2019,61,217,1,2019,Male,2Incubating,-98,-98,7/14/2019,Quad,Above,Nick,2,1,3,0,3,,199,,7/18/2019,3,0,0,195
421,217Male,,61Male2019,61,217,1,2019,Male,3Provisioning,-98,-98,7/23/2019,Quad,Above,Erik,2,1,0,1,3,,199,,7/18/2019,3,0,0,204
451,217Male,,61Male2019,61,217,1,2019,Male,3Provisioning,-98,-98,7/31/2019,Quad,Above,Nick,2,1,0,1,3,,199,,7/18/2019,3,0,0,212
39,03M,03M,03MMale2018,74,74,0,2018,Male,1Laying,-98,-98,6/13/2018,Snowmobile,Above,Kevin,5,1,4,0,4,156,,6/5/2018,,,0,0,164
60,92H,92H,92HMale2018,75,75,0,2018,Male,2Incubating,-98,-98,6/21/2018,Quad,Above,Silu,5,1,4,0,4,157,193,6/6/2018,7/12/2018,2,1,1,172
238,38A,38A,38AMale2018,77,77,0,2018,Male,3Provisioning,-98,-98,8/9/2018,Quad,Above,Erik,2,1,0,1,3,166,198,6/15/2018,7/17/2018,3,1,1,221
177,78Male,,78Male2018,78,78,0,2018,Male,3Provisioning,-98,-98,7/24/2018,Boat,Side,Erik,2,1,0,2,3,160,199,6/9/2018,7/18/2018,2,1,2,205
200,78Male,,78Male2018,78,78,0,2018,Male,3Provisioning,-98,-98,8/5/2018,Quad,Above,Erik,3,1,0,2,3,160,199,6/9/2018,7/18/2018,2,1,2,217
217,78Male,,78Male2018,78,78,0,2018,Male,3Provisioning,-98,-98,7/31/2018,Quad,Above,Erik,5,1,0,2,3,160,199,6/9/2018,7/18/2018,2,1,2,212
236,78Male,,78Male2018,78,78,0,2018,Male,3Provisioning,-98,-98,8/9/2018,Quad,Above,Erik,5,1,0,2,3,160,199,6/9/2018,7/18/2018,2,1,2,221
422,234Male,,78Male2019,78,234,1,2019,Male,2Incubating,-98,-98,7/24/2019,Quad,Above,Nick,2,1,2,0,3,,,,,0,0,0,205
32,00M,00M,00MMale2018,80,80,0,2018,Male,1Laying,-98,-98,6/12/2018,Snowmobile,Below,Silu,15,1,2,0,4,161,197,6/10/2018,7/16/2018,3,0,0,163
135,00M,00M,00MMale2018,80,80,0,2018,Male,3Provisioning,-98,-98,7/17/2018,Boat,Above,Erik,15,1,1,3,4,161,197,6/10/2018,7/16/2018,3,0,0,198
173,00M,00M,00MMale2018,80,80,0,2018,Male,3Provisioning,-98,-98,7/24/2018,Boat,Above,Erik,5,1,0,3,4,161,197,6/10/2018,7/16/2018,3,0,0,205
309,236Male,,80Male2019,80,236,1,2019,Male,2Incubating,-98,-98,6/18/2019,Snowmobile,Above,Erik,5,1,4,0,4,,,,,0,0,0,169
234,97Male,,97Male2018,97,97,0,2018,Male,3Provisioning,-98,-98,8/10/2018,Boat,Below,Erik,2,1,0,2,4,161,196,6/10/2018,7/15/2018,3,1,2,222
248,97Male,,97Male2018,97,97,0,2018,Male,3Provisioning,-98,-98,8/6/2018,Boat,Below,Erik,2,1,0,2,4,161,196,6/10/2018,7/15/2018,3,1,2,218
66,98Male,,98Male2018,98,98,0,2018,Male,2Incubating,-98,-98,6/24/2018,Quad,Below,Silu,3,1,3,0,3,,,,,,0,0,175
364,254Male,,98Male2019,98,254,1,2019,Male,2Incubating,-98,-98,7/10/2019,Quad,Side,Nick,3,1,4,0,4,,201,,7/20/2019,1,0,0,191
318,256Male,,100Male2019,100,256,1,2019,Male,1Laying,-98,-98,6/21/2019,Quad,Above,Nick,3,1,3,0,3,,,,,0,0,0,172
321,32K,32K,32KFemale2019,105,261,1,2019,Female,2Incubating,-98,-98,6/20/2019,Quad,Side,Rebekah,2,1,4,0,4,159,195,6/8/2019,7/14/2019,3,0,0,171
427,32K,32K,32KFemale2019,105,261,1,2019,Female,3Provisioning,-98,-98,7/25/2019,Boat,Below,Nick,2,0,1,3,4,159,195,6/8/2019,7/14/2019,3,0,0,206
320,43H,43H,43HMale2019,105,261,1,2019,Male,2Incubating,-98,-98,6/20/2019,Quad,Side,Rebekah,2,1,4,0,4,159,195,6/8/2019,7/14/2019,3,0,0,171
351,43H,43H,43HMale2019,105,261,1,2019,Male,2Incubating,-98,-98,7/6/2019,Quad,Above,Kevin,2,1,4,0,4,159,195,6/8/2019,7/14/2019,3,0,0,187
426,43H,43H,43HMale2019,105,261,1,2019,Male,3Provisioning,-98,-98,7/25/2019,Boat,Below,Nick,2,0,1,3,4,159,195,6/8/2019,7/14/2019,3,0,0,206
449,43H,43H,43HMale2019,105,261,1,2019,Male,3Provisioning,-98,-98,8/1/2019,Boat,Below,Rebekah,4,1,0,2,4,159,195,6/8/2019,7/14/2019,3,0,0,213
128,119Female,,119Female2018,119,119,0,2018,Female,2Incubating,-98,-98,7/12/2018,Quad,Above,Erik,4,0,3,0,3,162,,6/11/2018,,,0,0,193
129,119Male,,119Male2018,119,119,0,2018,Male,2Incubating,-98,-98,7/12/2018,Quad,Above,Matthew,4,0,3,0,3,162,,6/11/2018,,,0,0,193
13,145Male,,147Male2018,147,145,0,2018,Male,1Laying,-98,-98,6/10/2018,Snowmobile,Above,Ashton,3,1,1,0,4,161,196,6/10/2018,7/15/2018,2,0,0,161
471,304Female,,151Female2019,151,304,1,2019,Female,3Provisioning,-98,-98,8/18/2019,Boat,Below,Nick,1,0,0,2,3,166,200,6/15/2019,7/19/2018,3,1,2,230
470,304Male,,151Male2019,151,304,1,2019,Male,3Provisioning,-98,-98,8/18/2019,Boat,Below,Nick,1,0,0,2,3,166,200,6/15/2019,7/19/2018,3,1,2,230
459,20H,20H,20HMale2019,39,195,1,2019,Male,3Provisioning,0,600,8/16/2019,Boat,Below,Rebekah,2,1,0,1,4,160,196,6/9/2019,7/15/2019,4,1,1,228
114,92H,92H,92HMale2018,75,75,0,2018,Male,3Provisioning,0,600,7/13/2018,Quad,Above,Silu,3,2,1,2,4,157,193,6/6/2018,7/12/2018,2,1,1,194
193,92H,92H,92HMale2018,75,75,0,2018,Male,3Provisioning,0,600,7/27/2018,Quad,Above,Erik,3,2,1,1,4,157,193,6/6/2018,7/12/2018,2,1,1,208
408,92H,92H,92HMale2019,75,231,1,2019,Male,3Provisioning,0,600,7/21/2019,Quad,Below,Erik,2,2,0,4,4,,196,,7/15/2019,4,0,0,202
140,145Male,,147Male2018,147,145,0,2018,Male,3Provisioning,0,600,7/17/2018,Boat,Above,Erik,3,2,1,1,4,161,196,6/10/2018,7/15/2018,2,0,0,198
345,44H,44H,44HMale2019,1,157,1,2019,Male,2Incubating,1,599,7/5/2019,Quad,Above,Rebekah,2,2,3,0,3,162,198,6/11/2019,7/17/2019,1,0,0,186
371,86C,86C,86CFemale2019,4,160,1,2019,Female,2Incubating,1,599,7/11/2019,Quad,Above,Rebekah,4,2,4,0,4,161,198,6/10/2018,7/17/2019,4,0,0,192
326,01H,01H,01HMale2019,8,164,1,2019,Male,1Laying,1,599,6/24/2019,Snowmobile,Above,Rebekah,2,2,3,0,3,,197,,7/16/2019,2,1,1,175
231,18K,18K,18KFemale2018,8,8,0,2018,Female,3Provisioning,1,599,8/10/2018,Boat,Below,Erik,2,1,0,2,4,157,,6/6/2018,,2,1,2,222
327,18K,18K,18KFemale2019,8,164,1,2019,Female,1Laying,1,599,6/24/2019,Snowmobile,Above,Rebekah,2,2,3,0,3,,197,,7/16/2019,2,1,1,175
246,89E,89E,89EMale2018,8,8,0,2018,Male,3Provisioning,1,599,8/6/2018,Boat,Below,Erik,2,2,0,2,4,157,,6/6/2018,,2,1,2,218
241,88C,88C,88CFemale2018,18,18,0,2018,Female,3Provisioning,1,599,8/9/2018,Quad,Above,Erik,3,2,0,3,4,159,195,6/8/2018,7/14/2018,4,1,3,221
262,179Female,,23Female2019,23,179,1,2019,Female,1Laying,1,599,6/18/2019,Snowmobile,Below,Rebekah,20,2,3,0,3,161,195,6/10/2019,7/14/2019,2,0,0,169
79,15C,15C,15CMale2018,33,33,0,2018,Male,2Incubating,1,599,6/28/2018,Quad,Above,Kevin,3,2,3,0,3,,201,,7/20/2018,2,1,2,179
220,15C,15C,15CMale2018,33,33,0,2018,Male,3Provisioning,1,599,8/15/2018,Quad,Above,Erik,2,2,0,2,3,,201,,7/20/2018,2,1,2,227
270,15C,15C,15CMale2019,33,189,1,2019,Male,1Laying,1,599,6/15/2019,Quad,Above,Erik,-99,2,0,0,4,,,,,0,0,0,166
273,15C,15C,15CMale2019,33,189,1,2019,Male,2Incubating,1,599,6/22/2019,Quad,Side,Rebekah,2,2,4,0,4,,,,,0,0,0,173
353,15C,15C,15CMale2019,33,189,1,2019,Male,2Incubating,1,599,7/6/2019,Quad,Above,Erik,2,2,4,0,4,,,,,0,0,0,187
392,20H,20H,20HMale2019,39,195,1,2019,Male,3Provisioning,1,599,7/17/2019,Boat,Below,Nick,2,2,0,4,4,160,196,6/9/2019,7/15/2019,4,1,1,198
468,20H,20H,20HMale2019,39,195,1,2019,Male,3Provisioning,1,599,8/9/2019,Boat,Above,Nick,2,2,0,1,4,160,196,6/9/2019,7/15/2019,4,1,1,221
167,92H,92H,92HMale2018,75,75,0,2018,Male,3Provisioning,1,599,7/23/2018,Quad,Above,Erik,2,2,1,2,4,157,193,6/6/2018,7/12/2018,2,1,1,204
242,92H,92H,92HMale2018,75,75,0,2018,Male,3Provisioning,1,599,8/8/2018,Quad,Above,Erik,3,2,0,1,4,157,193,6/6/2018,7/12/2018,2,1,1,220
363,92H,92H,92HMale2019,75,231,1,2019,Male,2Incubating,1,599,7/10/2019,Quad,Below,Erik,3,More than 2,4,0,4,,196,,7/15/2019,4,0,0,191
85,38A,38A,38AMale2018,77,77,0,2018,Male,2Incubating,1,599,6/30/2018,Quad,Above,Matthew,3,2,3,0,3,166,198,6/15/2018,7/17/2018,3,1,1,181
164,85C,85C,85CFemale2018,77,77,0,2018,Female,3Provisioning,1,599,7/23/2018,Quad,Above,Erik,1,2,0,3,3,166,198,6/15/2018,7/17/2018,3,1,1,204
239,85C,85C,85CFemale2018,77,77,0,2018,Female,3Provisioning,1,599,8/9/2018,Quad,Above,Erik,2,1,0,1,3,166,198,6/15/2018,7/17/2018,3,1,1,221
407,49H,49H,49HMale2019,95,251,1,2019,Male,3Provisioning,1,599,7/21/2019,Quad,Side,Nick,2,2,0,3,3,,200,,7/19/2019,3,0,0,202
463,304Male,,151Male2019,151,304,1,2019,Male,3Provisioning,1,599,8/14/2019,Boat,Below,Nick,1,2,0,2,3,166,200,6/15/2019,7/19/2018,3,1,2,226
158,1Male,,1Male2018,1,1,0,2018,Male,3Provisioning,2,598,7/20/2018,Quad,Above,Silu,5,2,0,2,2,160,199,6/9/2018,7/18/2018,2,1,2,201
123,15C,15C,15CMale2018,33,33,0,2018,Male,2Incubating,2,598,7/14/2018,Quad,Above,Silu,2,2,3,0,3,,201,,7/20/2018,2,1,2,195
278,20H,20H,20HMale2019,39,195,1,2019,Male,1Laying,2,598,6/12/2019,Snowmobile,Below,Erik,3,2,3,0,4,160,196,6/9/2019,7/15/2019,4,1,1,163
437,20H,20H,20HMale2019,39,195,1,2019,Male,3Provisioning,2,598,7/26/2019,Boat,Above,Erik,5,2,0,4,4,160,196,6/9/2019,7/15/2019,4,1,1,207
179,47Male,,47Male2018,47,47,0,2018,Male,3Provisioning,2,598,7/25/2018,Quad,Above,Erik,2,2,0,3,3,,203,,7/22/2018,3,0,0,206
166,19K,19K,19KFemale2018,75,75,0,2018,Female,3Provisioning,2,598,7/23/2018,Quad,Above,Erik,2,2,1,2,4,157,193,6/6/2018,7/12/2018,2,1,1,204
88,92H,92H,92HMale2018,75,75,0,2018,Male,2Incubating,2,598,6/30/2018,Quad,Above,Kevin,5,2,3,0,4,157,193,6/6/2018,7/12/2018,2,1,1,181
305,92H,92H,92HMale2019,75,231,1,2019,Male,2Incubating,2,598,6/18/2019,Quad,Below,Nick,2,2,4,0,4,,196,,7/15/2019,4,0,0,169
343,92H,92H,92HMale2019,75,231,1,2019,Male,2Incubating,2,598,7/4/2019,Quad,Below,Nick,2,2,4,0,4,,196,,7/15/2019,4,0,0,185
117,38A,38A,38AMale2018,77,77,0,2018,Male,2Incubating,2,598,7/13/2018,Quad,Above,Silu,2,2,3,0,3,166,198,6/15/2018,7/17/2018,3,1,1,194
191,38A,38A,38AMale2018,77,77,0,2018,Male,3Provisioning,2,598,7/27/2018,Quad,Above,Silu,2,2,0,3,3,166,198,6/15/2018,7/17/2018,3,1,1,208
227,39E,39E,39EFemale2018,1,1,0,2018,Female,3Provisioning,3,597,8/13/2018,Quad,Above,Erik,3,2,0,2,2,160,199,6/9/2018,7/18/2018,2,1,2,225
378,157Female,,1Female2019,1,157,1,2019,Female,2Incubating,3,597,7/14/2019,Quad,Above,Erik,5,2,2,0,3,162,198,6/11/2019,7/17/2019,1,0,0,195
144,11A,11A,11AMale2018,3,3,0,2018,Male,3Provisioning,3,597,7/19/2018,Boat,Below,Erik,1,2,1,3,4,161,199,6/10/2018,7/18/2018,3,0,0,200
403,86C,86C,86CFemale2019,4,160,1,2019,Female,3Provisioning,3,597,7/19/2019,Quad,Above,Nick,2,2,0,4,4,161,198,6/10/2018,7/17/2019,4,0,0,200
152,18K,18K,18KFemale2018,8,8,0,2018,Female,3Provisioning,3,597,7/19/2018,Boat,Below,Erik,4,1,1,2,4,157,,6/6/2018,,2,1,2,200
161,88C,88C,88CFemale2018,18,18,0,2018,Female,3Provisioning,3,597,7/20/2018,Quad,Above,Erik,3,2,0,4,4,159,195,6/8/2018,7/14/2018,4,1,3,201
169,93E,93E,93EFemale2018,22,22,0,2018,Female,3Provisioning,3,597,7/24/2018,Boat,Above,Erik,3,1,0,3,3,158,193,6/7/2018,7/12/2018,3,1,3,205
136,23Female,,23Female2018,23,23,0,2018,Female,3Provisioning,3,597,7/17/2018,Boat,Above,Erik,10,2,1,2,3,159,195,6/8/2018,7/14/2018,2,1,1,198
221,49E,49E,49EFemale2018,33,33,0,2018,Female,3Provisioning,3,597,8/15/2018,Quad,Above,Erik,2,2,0,2,3,,201,,7/20/2018,2,1,2,227
276,88C,88C,88CFemale2019,37,193,1,2019,Female,2Incubating,3,597,6/22/2019,Quad,Above,Rebekah,3,2,4,0,4,,201,,7/20/2019,4,0,0,173
356,88C,88C,88CFemale2019,37,193,1,2019,Female,2Incubating,3,597,7/8/2019,Quad,Side,Erik,2,More than 2,4,0,4,,201,,7/20/2019,4,0,0,189
384,88C,88C,88CFemale2019,37,193,1,2019,Female,2Incubating,3,597,7/15/2019,Quad,Above,Nick,2,2,4,0,4,,201,,7/20/2019,4,0,0,196
224,40Male,,40Male2018,40,40,0,2018,Male,3Provisioning,3,597,8/14/2018,Boat,Below,Erik,15,2,0,1,4,161,200,6/10/2019,7/19/2018,3,1,1,226
405,89C,89C,89CFemale2019,58,214,1,2019,Female,3Provisioning,3,597,7/19/2019,Quad,Above,Rebekah,2,2,2,2,4,,199,,7/18/2019,2,0,0,200
346,217Male,,61Male2019,61,217,1,2019,Male,2Incubating,3,597,7/5/2019,Quad,Above,Nick,2,2,3,0,3,,199,,7/18/2019,3,0,0,186
450,217Female,,61Female2019,61,217,1,2019,Female,3Provisioning,3,597,7/31/2019,Quad,Above,Nick,2,1,0,1,3,,199,,7/18/2019,3,0,0,212
94,92H,92H,92HMale2018,75,75,0,2018,Male,2Incubating,3,597,7/6/2018,Quad,Above,Erik,2,2,3,0,4,157,193,6/6/2018,7/12/2018,2,1,1,187
218,38A,38A,38AMale2018,77,77,0,2018,Male,3Provisioning,3,597,8/15/2018,Quad,Above,Erik,2,2,0,1,3,166,198,6/15/2018,7/17/2018,3,1,1,227
348,244Male,,88Male2019,88,244,1,2019,Male,2Incubating,3,597,7/5/2019,Quad,Below,Nick,2,2,3,0,4,,,,,,0,0,186
373,244Male,,88Male2019,88,244,1,2019,Male,2Incubating,3,597,7/13/2019,Quad,Below,Erik,3,2,3,0,4,,,,,,0,0,194
406,251Female,,95Female2019,95,251,1,2019,Female,3Provisioning,3,597,7/21/2019,Quad,Side,Nick,2,2,0,3,3,,200,,7/19/2019,3,0,0,202
323,304Male,,151Male2019,151,304,1,2019,Male,1Laying,3,597,6/17/2019,Snowmobile,Below,Silu,3,2,2,0,3,166,200,6/15/2019,7/19/2018,3,1,2,168
253,44H,44H,44HMale2019,1,157,1,2019,Male,1Laying,4,596,6/15/2019,Quad,Above,Erik,2,2,3,0,3,162,198,6/11/2019,7/17/2019,1,0,0,166
260,46K,46K,46KFemale2019,19,175,1,2019,Female,1Laying,4,596,6/18/2019,Snowmobile,Below,Rebekah,2,2,3,0,3,,,,,0,0,0,169
396,25K,25K,25KFemale2019,52,208,1,2019,Female,3Provisioning,4,596,7/18/2019,Boat,Below,Nick,2,2,1,3,4,,198,,7/17/2019,3,0,0,199
316,253Male,,97Male2019,97,253,1,2019,Male,2Incubating,4,596,6/17/2019,Snowmobile,Below,Erik,3,2,4,0,4,,,,,0,0,0,168
399,304Male,,151Male2019,151,304,1,2019,Male,2Incubating,4,596,7/18/2019,Boat,Below,Nick,2,2,3,0,3,166,200,6/15/2019,7/19/2018,3,1,2,199
443,304Male,,151Male2019,151,304,1,2019,Male,3Provisioning,4,596,7/29/2019,Quad,Below,Erik,4,2,0,3,3,166,200,6/15/2019,7/19/2018,3,1,2,210
69,1Male,,1Male2018,1,1,0,2018,Male,2Incubating,5,595,6/25/2018,Quad,Side,Kevin,2,2,2,0,2,160,199,6/9/2018,7/18/2018,2,1,2,176
68,39E,39E,39EFemale2018,1,1,0,2018,Female,2Incubating,5,595,6/25/2018,Quad,Side,Silu,2,2,2,0,2,160,199,6/9/2018,7/18/2018,2,1,2,176
333,44H,44H,44HMale2019,1,157,1,2019,Male,1Laying,5,595,6/28/2019,Quad,Above,Rebekah,2,2,3,0,3,162,198,6/11/2019,7/17/2019,1,0,0,179
440,157Female,,1Female2019,1,157,1,2019,Female,3Provisioning,5,595,7/26/2019,Boat,Above,Erik,1,1,0,1,3,162,198,6/11/2019,7/17/2019,1,0,0,207
370,160Male,,4Male2019,4,160,1,2019,Male,2Incubating,5,595,7/11/2019,Quad,Above,Rebekah,4,2,4,0,4,161,198,6/10/2018,7/17/2019,4,0,0,192
402,160Male,,4Male2019,4,160,1,2019,Male,3Provisioning,5,595,7/19/2019,Quad,Above,Rebekah,2,2,0,4,4,161,198,6/10/2018,7/17/2019,4,0,0,200
472,18K,18K,18KFemale2019,8,164,1,2019,Female,3Provisioning,5,595,8/18/2019,Boat,Below,Nick,1,1,0,1,3,,197,,7/16/2019,2,1,1,230
22,89E,89E,89EMale2018,8,8,0,2018,Male,2Incubating,5,595,6/12/2018,Snowmobile,Below,Silu,5,2,4,0,4,157,,6/6/2018,,2,1,2,163
465,168Female,,12Female2019,12,168,1,2019,Female,3Provisioning,5,595,8/9/2019,Boat,Above,Nick,1,More than 2,0,1,4,159,195,6/8/2019,7/14/2019,4,1,1,221
73,88C,88C,88CFemale2018,18,18,0,2018,Female,2Incubating,5,595,6/26/2018,Quad,Above,Silu,5,2,4,0,4,159,195,6/8/2018,7/14/2018,4,1,3,177
96,88C,88C,88CFemale2018,18,18,0,2018,Female,2Incubating,5,595,7/5/2018,Quad,Above,Erik,3,1,4,0,4,159,195,6/8/2018,7/14/2018,4,1,3,186
6,14H,14H,14HMale2018,22,22,0,2018,Male,1Laying,5,595,6/8/2018,Snowmobile,Below,Silu,3,2,1,0,3,158,193,6/7/2018,7/12/2018,3,1,3,159
41,30Female,,30Female2018,30,30,0,2018,Female,1Laying,5,595,6/13/2018,Snowmobile,Below,Silu,1,2,2,0,3,162,198,6/11/2018,7/17/2018,3,0,0,164
65,15C,15C,15CMale2018,33,33,0,2018,Male,2Incubating,5,595,6/22/2018,Quad,Above,Kevin,20,2,3,0,3,,201,,7/20/2018,2,1,2,173
78,49E,49E,49EFemale2018,33,33,0,2018,Female,2Incubating,5,595,6/28/2018,Quad,Above,Silu,3,2,3,0,3,,201,,7/20/2018,2,1,2,179
180,49E,49E,49EFemale2018,33,33,0,2018,Female,3Provisioning,5,595,7/25/2018,Quad,Above,Erik,2,1,0,2,3,,201,,7/20/2018,2,1,2,206
211,49E,49E,49EFemale2018,33,33,0,2018,Female,3Provisioning,5,595,8/1/2018,Quad,Above,Erik,2,2,0,2,3,,201,,7/20/2018,2,1,2,213
416,88C,88C,88CFemale2019,37,193,1,2019,Female,3Provisioning,5,595,7/23/2019,Quad,Above,Erik,2,1,0,4,4,,201,,7/20/2019,4,0,0,204
419,88C,88C,88CFemale2019,37,193,1,2019,Female,3Provisioning,5,595,7/24/2019,Quad,Above,Kevin,2,2,0,3,4,,201,,7/20/2019,4,0,0,205
281,20H,20H,20HMale2019,39,195,1,2019,Male,2Incubating,5,595,6/20/2019,Snowmobile,Below,Nick,5,2,4,0,4,160,196,6/9/2019,7/15/2019,4,1,1,171
466,201Female,,45Female2019,45,201,1,2019,Female,3Provisioning,5,595,8/9/2019,Boat,Below,Nick,2,2,0,1,3,162,200,6/11/2019,7/19/2019,1,1,1,221
83,47Male,,47Male2018,47,47,0,2018,Male,2Incubating,5,595,6/28/2018,Quad,Above,Silu,3,2,3,0,3,,203,,7/22/2018,3,0,0,179
121,47Male,,47Male2018,47,47,0,2018,Male,2Incubating,5,595,7/14/2018,Quad,Above,Matthew,2,2,3,0,3,,203,,7/22/2018,3,0,0,195
77,89C,89C,89CFemale2018,58,58,0,2018,Female,2Incubating,5,595,6/27/2018,Quad,Below,Silu,5,2,3,0,3,163,,6/12/2018,,,0,0,178
354,89C,89C,89CFemale2019,58,214,1,2019,Female,2Incubating,5,595,7/7/2019,Quad,Above,Nick,2,More than 2,4,0,4,,199,,7/18/2019,2,0,0,188
115,19K,19K,19KFemale2018,75,75,0,2018,Female,3Provisioning,5,595,7/13/2018,Quad,Above,Matthew,3,2,1,2,4,157,193,6/6/2018,7/12/2018,2,1,1,194
92,38A,38A,38AMale2018,77,77,0,2018,Male,2Incubating,5,595,7/6/2018,Quad,Above,Erik,2,2,3,0,3,166,198,6/15/2018,7/17/2018,3,1,1,187
30,97Male,,97Male2018,97,97,0,2018,Male,1Laying,5,595,6/12/2018,Snowmobile,Below,Silu,1,2,2,0,4,161,196,6/10/2018,7/15/2018,3,1,2,163
324,254Male,,98Male2019,98,254,1,2019,Male,2Incubating,5,595,6/23/2019,Quad,Below,Kevin,2,2,4,0,4,,201,,7/20/2019,1,0,0,174
319,256Female,,100Female2019,100,256,1,2019,Female,1Laying,5,595,6/21/2019,Quad,Above,Nick,3,1,3,0,3,,,,,0,0,0,172
350,32K,32K,32KFemale2019,105,261,1,2019,Female,2Incubating,5,595,7/6/2019,Quad,Above,Nick,2,1,4,0,4,159,195,6/8/2019,7/14/2019,3,0,0,187
99,119Female,,119Female2018,119,119,0,2018,Female,2Incubating,5,595,7/5/2018,Quad,Above,Silu,3,2,3,0,3,162,,6/11/2018,,,0,0,186
344,157Female,,1Female2019,1,157,1,2019,Female,2Incubating,6,594,7/5/2019,Quad,Above,Rebekah,5,2,3,0,3,162,198,6/11/2019,7/17/2019,1,0,0,186
411,44H,44H,44HMale2019,1,157,1,2019,Male,3Provisioning,6,594,7/23/2019,Quad,Above,Nick,2,2,1,1,3,162,198,6/11/2019,7/17/2019,1,0,0,204
456,168Female,,12Female2019,12,168,1,2019,Female,3Provisioning,6,594,8/16/2019,Boat,Above,Rebekah,2,1,0,1,4,159,195,6/8/2019,7/14/2019,4,1,1,228
127,88C,88C,88CFemale2018,18,18,0,2018,Female,2Incubating,6,594,7/12/2018,Quad,Above,Matthew,3,2,4,0,4,159,195,6/8/2018,7/14/2018,4,1,3,193
171,23Female,,23Female2018,23,23,0,2018,Female,3Provisioning,6,594,7/24/2018,Boat,Above,Erik,3,1,1,1,3,159,195,6/8/2018,7/14/2018,2,1,1,205
272,45K,45K,45KFemale2019,33,189,1,2019,Female,2Incubating,6,594,6/22/2019,Quad,Side,Rebekah,2,2,4,0,4,,,,,0,0,0,173
109,49E,49E,49EFemale2018,33,33,0,2018,Female,2Incubating,6,594,7/9/2018,Quad,Above,Matthew,3,1,3,0,3,,201,,7/20/2018,2,1,2,190
328,20H,20H,20HMale2019,39,195,1,2019,Male,2Incubating,6,594,6/24/2019,Snowmobile,Above,Rebekah,5,1,4,0,4,160,196,6/9/2019,7/15/2019,4,1,1,175
375,217Female,,61Female2019,61,217,1,2019,Female,2Incubating,6,594,7/14/2019,Quad,Above,Nick,2,1,3,0,3,,199,,7/18/2019,3,0,0,195
61,19K,19K,19KFemale2018,75,75,0,2018,Female,2Incubating,6,594,6/21/2018,Quad,Above,Kevin,5,1,4,0,4,157,193,6/6/2018,7/12/2018,2,1,1,172
219,85C,85C,85CFemale2018,77,77,0,2018,Female,3Provisioning,6,594,8/15/2018,Quad,Above,Erik,2,2,0,1,3,166,198,6/15/2018,7/17/2018,3,1,1,227
46,24K,24K,24KFemale2018,3,3,0,2018,Female,1Laying,7,593,6/14/2018,Snowmobile,Below,Kevin,1,1,3,0,4,161,199,6/10/2018,7/18/2018,3,0,0,165
460,18K,18K,18KFemale2019,8,164,1,2019,Female,3Provisioning,7,593,8/14/2019,Boat,Below,Nick,1,2,0,2,3,,197,,7/16/2019,2,1,1,226
222,155Female,,45Female2018,45,155,0,2018,Female,3Provisioning,7,593,8/14/2018,Boat,Below,Erik,5,1,0,3,3,162,200,6/11/2018,7/19/2018,3,1,3,226
347,217Female,,61Female2019,61,217,1,2019,Female,2Incubating,7,593,7/5/2019,Quad,Above,Nick,2,2,3,0,3,,199,,7/18/2019,3,0,0,186
303,228Female,,72Female2019,72,228,1,2019,Female,1Laying,7,593,6/18/2019,Snowmobile,Above,Rebekah,-99,2,0,0,3,,,,,0,0,0,169
59,38A,38A,38AMale2018,77,77,0,2018,Male,2Incubating,7,593,6/21/2018,Quad,Above,Kevin,3,2,3,0,3,166,198,6/15/2018,7/17/2018,3,1,1,172
365,254Female,,98Female2019,98,254,1,2019,Female,2Incubating,7,593,7/10/2019,Quad,Side,Nick,3,1,4,0,4,,201,,7/20/2019,1,0,0,191
425,254Male,,98Male2019,98,254,1,2019,Male,3Provisioning,7,593,7/22/2019,Quad,Side,Nick,2,2,0,1,4,,201,,7/20/2019,1,0,0,203
207,1Male,,1Male2018,1,1,0,2018,Male,3Provisioning,8,592,8/2/2018,Quad,Above,Erik,6,2,0,2,2,160,199,6/9/2018,7/18/2018,2,1,2,214
226,1Male,,1Male2018,1,1,0,2018,Male,3Provisioning,8,592,8/13/2018,Quad,Above,Erik,3,2,0,2,2,160,199,6/9/2018,7/18/2018,2,1,2,225
130,39E,39E,39EFemale2018,1,1,0,2018,Female,2Incubating,8,592,7/12/2018,Quad,Above,Erik,3,1,2,0,2,160,199,6/9/2018,7/18/2018,2,1,2,193
186,39E,39E,39EFemale2018,1,1,0,2018,Female,3Provisioning,8,592,7/26/2018,Quad,Above,Erik,2,2,0,2,2,160,199,6/9/2018,7/18/2018,2,1,2,207
206,39E,39E,39EFemale2018,1,1,0,2018,Female,3Provisioning,8,592,8/2/2018,Quad,Above,Erik,6,2,0,2,2,160,199,6/9/2018,7/18/2018,2,1,2,214
195,24K,24K,24KFemale2018,3,3,0,2018,Female,3Provisioning,8,592,8/6/2018,Quad,Above,Erik,3,1,0,3,4,161,199,6/10/2018,7/18/2018,3,0,0,218
395,18K,18K,18KFemale2019,8,164,1,2019,Female,3Provisioning,8,592,7/18/2019,Boat,Above,Erik,2,1,1,2,3,,197,,7/16/2019,2,1,1,199
257,168Male,,12Male2019,12,168,1,2019,Male,1Laying,8,592,6/12/2019,Snowmobile,Above,Erik,5,2,3,0,4,159,195,6/8/2019,7/14/2019,4,1,1,163
433,168Male,,12Male2019,12,168,1,2019,Male,3Provisioning,8,592,7/26/2019,Boat,Below,Erik,4,2,0,4,4,159,195,6/8/2019,7/14/2019,4,1,1,207
184,88C,88C,88CFemale2018,18,18,0,2018,Female,3Provisioning,8,592,7/26/2018,Quad,Above,Erik,4,1,0,4,4,159,195,6/8/2018,7/14/2018,4,1,3,207
133,14H,14H,14HMale2018,22,22,0,2018,Male,3Provisioning,8,592,7/17/2018,Boat,Above,Erik,3,2,0,3,3,158,193,6/7/2018,7/12/2018,3,1,3,198
245,23Female,,23Female2018,23,23,0,2018,Female,3Provisioning,8,592,8/7/2018,Boat,Above,Erik,2,2,0,1,3,159,195,6/8/2018,7/14/2018,2,1,1,219
225,91C,91C,91CFemale2018,40,40,0,2018,Female,3Provisioning,8,592,8/14/2018,Boat,Below,Erik,15,2,0,1,4,161,200,6/10/2019,7/19/2018,3,1,1,226
358,223Male,,67Male2019,67,223,1,2019,Male,2Incubating,8,592,7/8/2019,Quad,Below,Erik,4,2,4,0,4,,,,,,0,0,189
301,228Male,,72Male2019,72,228,1,2019,Male,1Laying,8,592,6/11/2019,Snowmobile,Above,Erik,-99,2,0,0,3,,,,,0,0,0,162
409,231Female,,75Female2019,75,231,1,2019,Female,3Provisioning,8,592,7/21/2019,Quad,Below,Erik,2,2,0,4,4,,196,,7/15/2019,4,0,0,202
116,85C,85C,85CFemale2018,77,77,0,2018,Female,2Incubating,8,592,7/13/2018,Quad,Above,Matthew,2,2,3,0,3,166,198,6/15/2018,7/17/2018,3,1,1,194
190,85C,85C,85CFemale2018,77,77,0,2018,Female,3Provisioning,8,592,7/27/2018,Quad,Above,Erik,2,2,0,3,3,166,198,6/15/2018,7/17/2018,3,1,1,208
205,85C,85C,85CFemale2018,77,77,0,2018,Female,3Provisioning,8,592,8/4/2018,Quad,Above,Erik,3,2,0,1,3,166,198,6/15/2018,7/17/2018,3,1,1,216
172,80Female,,80Female2018,80,80,0,2018,Female,3Provisioning,8,592,7/24/2018,Boat,Above,Erik,5,1,0,3,4,161,197,6/10/2018,7/16/2018,3,0,0,205
154,97Male,,97Male2018,97,97,0,2018,Male,3Provisioning,8,592,7/19/2018,Boat,Below,Erik,1,2,0,3,4,161,196,6/10/2018,7/15/2018,3,1,2,200
335,86C,86C,86CFemale2019,4,160,1,2019,Female,2Incubating,10,590,6/28/2019,Quad,Above,Nick,1,2,4,0,4,161,198,6/10/2018,7/17/2019,4,0,0,179
23,18K,18K,18KFemale2018,8,8,0,2018,Female,2Incubating,10,590,6/12/2018,Snowmobile,Below,Kevin,5,2,4,0,4,157,,6/6/2018,,2,1,2,163
444,18K,18K,18KFemale2019,8,164,1,2019,Female,3Provisioning,10,590,7/29/2019,Quad,Below,Erik,1,1,0,2,3,,197,,7/16/2019,2,1,1,210
256,168Female,,12Female2019,12,168,1,2019,Female,1Laying,10,590,6/12/2019,Snowmobile,Above,Erik,5,2,3,0,4,159,195,6/8/2019,7/14/2019,4,1,1,163
259,168Female,,12Female2019,12,168,1,2019,Female,2Incubating,10,590,6/20/2019,Snowmobile,Below,Nick,5,2,4,0,4,159,195,6/8/2019,7/14/2019,4,1,1,171
160,43A,43A,43AMale2018,18,18,0,2018,Male,3Provisioning,10,590,7/20/2018,Quad,Above,Silu,3,2,0,4,4,159,195,6/8/2018,7/14/2018,4,1,3,201
24,14H,14H,14HMale2018,22,22,0,2018,Male,1Laying,10,590,6/12/2018,Snowmobile,Below,Alexandre,1,2,3,0,3,158,193,6/7/2018,7/12/2018,3,1,3,163
132,93E,93E,93EFemale2018,22,22,0,2018,Female,3Provisioning,10,590,7/17/2018,Boat,Above,Erik,3,2,0,3,3,158,193,6/7/2018,7/12/2018,3,1,3,198
263,179Male,,23Male2019,23,179,1,2019,Male,1Laying,10,590,6/18/2019,Snowmobile,Below,Rebekah,20,2,3,0,3,161,195,6/10/2019,7/14/2019,2,0,0,169
8,41H,41H,41HMale2018,29,29,0,2018,Male,1Laying,10,590,6/8/2018,Snowmobile,Below,Kevin,1,2,1,0,4,158,194,6/7/2018,7/13/2018,4,0,0,159
9,55K,55K,55KFemale2018,29,29,0,2018,Female,1Laying,10,590,6/8/2018,Snowmobile,Below,Alexandre,1,2,1,0,4,158,194,6/7/2018,7/13/2018,4,0,0,159
174,55K,55K,55KFemale2018,29,29,0,2018,Female,3Provisioning,10,590,7/24/2018,Boat,Below,Erik,2,1,0,1,4,158,194,6/7/2018,7/13/2018,4,0,0,205
418,193Male,,37Male2019,37,193,1,2019,Male,3Provisioning,10,590,7/24/2019,Quad,Above,Kevin,2,2,0,3,4,,201,,7/20/2019,4,0,0,205
390,91C,91C,91CFemale2019,40,196,1,2019,Female,2Incubating,10,590,7/17/2019,Boat,Below,Nick,2,1,4,0,4,167,204,6/16/2019,7/23/2019,3,0,0,198
142,155Male,,45Male2018,45,155,0,2018,Male,3Provisioning,10,590,7/19/2018,Boat,Below,Erik,4,2,2,1,3,162,200,6/11/2018,7/19/2018,3,1,3,200
143,155Female,,45Female2018,45,155,0,2018,Female,3Provisioning,10,590,7/19/2018,Boat,Below,Erik,4,2,2,1,3,162,200,6/11/2018,7/19/2018,3,1,3,200
287,201Female,,45Female2019,45,201,1,2019,Female,1Laying,10,590,6/20/2019,Snowmobile,Below,Nick,1,2,3,0,3,162,200,6/11/2019,7/19/2019,1,1,1,171
233,32K,32K,32KFemale2018,51,51,0,2018,Female,3Provisioning,10,590,8/10/2018,Boat,Below,Erik,1,2,0,1,4,,197,,7/16/2018,3,1,1,222
42,53Male,,53Male2018,53,53,0,2018,Male,1Laying,10,590,6/13/2018,Snowmobile,Below,Kevin,2,2,2,0,3,162,199,6/11/2018,7/18/2018,3,0,0,164
229,45K,45K,45KFemale2018,57,57,0,2018,Female,3Provisioning,10,590,8/13/2018,Quad,Above,Erik,1,2,0,2,3,162,198,6/11/2018,7/17/2018,2,1,2,225
70,59Male,,59Male2018,59,59,0,2018,Male,2Incubating,10,590,6/25/2018,Quad,Above,Silu,5,2,4,0,4,,,,,,0,0,176
400,215Female,,59Female2019,59,215,1,2019,Female,3Provisioning,10,590,7/19/2019,Quad,Above,Nick,2,2,1,2,4,,193,,7/12/2019,2,0,0,200
87,19K,19K,19KFemale2018,75,75,0,2018,Female,2Incubating,10,590,6/30/2018,Quad,Above,Kevin,5,2,3,0,4,157,193,6/6/2018,7/12/2018,2,1,1,181
95,19K,19K,19KFemale2018,75,75,0,2018,Female,2Incubating,10,590,7/6/2018,Quad,Above,Matthew,2,2,3,0,4,157,193,6/6/2018,7/12/2018,2,1,1,187
192,19K,19K,19KFemale2018,75,75,0,2018,Female,3Provisioning,10,590,7/27/2018,Quad,Above,Erik,3,2,1,1,4,157,193,6/6/2018,7/12/2018,2,1,1,208
202,92H,92H,92HMale2018,75,75,0,2018,Male,3Provisioning,10,590,8/3/2018,Quad,Above,Erik,3,2,0,1,4,157,193,6/6/2018,7/12/2018,2,1,1,215
53,85C,85C,85CFemale2018,77,77,0,2018,Female,1Laying,10,590,6/17/2018,Quad,Above,Alexandre,1,2,2,0,3,166,198,6/15/2018,7/17/2018,3,1,1,168
58,85C,85C,85CFemale2018,77,77,0,2018,Female,2Incubating,10,590,6/21/2018,Quad,Above,Silu,3,2,3,0,3,166,198,6/15/2018,7/17/2018,3,1,1,172
86,85C,85C,85CFemale2018,77,77,0,2018,Female,2Incubating,10,590,6/30/2018,Quad,Above,Kevin,3,2,3,0,3,166,198,6/15/2018,7/17/2018,3,1,1,181
93,85C,85C,85CFemale2018,77,77,0,2018,Female,2Incubating,10,590,7/6/2018,Quad,Above,Matthew,2,2,3,0,3,166,198,6/15/2018,7/17/2018,3,1,1,187
54,47E,47E,47EFemale2018,78,78,0,2018,Female,2Incubating,10,590,6/18/2018,Quad,Above,Alexandre,10,2,3,0,3,160,199,6/9/2018,7/18/2018,2,1,2,169
176,47E,47E,47EFemale2018,78,78,0,2018,Female,3Provisioning,10,590,7/24/2018,Boat,Side,Erik,2,1,0,2,3,160,199,6/9/2018,7/18/2018,2,1,2,205
134,80Female,,80Female2018,80,80,0,2018,Female,3Provisioning,10,590,7/17/2018,Boat,Above,Erik,15,1,1,3,4,161,197,6/10/2018,7/16/2018,3,0,0,198
312,244Male,,88Male2019,88,244,1,2019,Male,2Incubating,10,590,6/19/2019,Quad,Above,Nick,2,2,4,0,4,,,,,,0,0,170
67,98Female,,98Female2018,98,98,0,2018,Female,2Incubating,10,590,6/24/2018,Quad,Below,Silu,3,1,3,0,3,,,,,,0,0,175
325,254Female,,98Female2019,98,254,1,2019,Female,2Incubating,10,590,6/23/2019,Quad,Below,Kevin,2,2,4,0,4,,201,,7/20/2019,1,0,0,174
75,119Male,,119Male2018,119,119,0,2018,Male,2Incubating,10,590,6/26/2018,Quad,Above,Silu,5,2,3,0,3,162,,6/11/2018,,,0,0,177
141,87K,87K,87KFemale2018,147,145,0,2018,Female,3Provisioning,10,590,7/17/2018,Boat,Above,Erik,3,2,1,1,4,161,196,6/10/2018,7/15/2018,2,0,0,198
264,184Male,,28Male2019,28,184,1,2019,Male,1Laying,11,589,6/11/2019,Snowmobile,Below,Erik,-99,2,0,0,4,,,,,0,0,0,162
110,45K,45K,45KFemale2018,57,57,0,2018,Female,2Incubating,12,588,7/9/2018,Quad,Above,Erik,1,1,3,0,3,162,198,6/11/2018,7/17/2018,2,1,2,190
104,47E,47E,47EFemale2018,78,78,0,2018,Female,2Incubating,12,588,7/8/2018,Quad,Side,Erik,5,2,3,0,3,160,199,6/9/2018,7/18/2018,2,1,2,189
432,168Female,,12Female2019,12,168,1,2019,Female,3Provisioning,13,587,7/26/2019,Boat,Below,Erik,4,2,0,4,4,159,195,6/8/2019,7/14/2019,4,1,1,207
464,168Male,,12Male2019,12,168,1,2019,Male,3Provisioning,13,587,8/9/2019,Boat,Above,Nick,1,More than 2,0,1,4,159,195,6/8/2019,7/14/2019,4,1,1,221
420,217Female,,61Female2019,61,217,1,2019,Female,3Provisioning,13,587,7/23/2019,Quad,Above,Erik,2,1,0,1,3,,199,,7/18/2019,3,0,0,204
372,244Female,,88Female2019,88,244,1,2019,Female,2Incubating,13,587,7/13/2019,Quad,Below,Erik,3,2,3,0,4,,,,,,0,0,194
101,39E,39E,39EFemale2018,1,1,0,2018,Female,2Incubating,15,585,7/5/2018,Quad,Above,Erik,3,2,2,0,2,160,199,6/9/2018,7/18/2018,2,1,2,186
159,39E,39E,39EFemale2018,1,1,0,2018,Female,3Provisioning,15,585,7/20/2018,Quad,Above,Erik,5,2,0,2,2,160,199,6/9/2018,7/18/2018,2,1,2,201
379,44H,44H,44HMale2019,1,157,1,2019,Male,2Incubating,15,585,7/14/2019,Quad,Above,Erik,5,2,2,0,3,162,198,6/11/2019,7/17/2019,1,0,0,195
145,24K,24K,24KFemale2018,3,3,0,2018,Female,3Provisioning,15,585,7/19/2018,Boat,Below,Erik,1,2,1,3,4,161,199,6/10/2018,7/18/2018,3,0,0,200
247,18K,18K,18KFemale2018,8,8,0,2018,Female,3Provisioning,15,585,8/6/2018,Boat,Below,Erik,2,2,0,2,4,157,,6/6/2018,,2,1,2,218
29,156Female,,16Female2018,16,156,0,2018,Female,1Laying,15,585,6/12/2018,Snowmobile,Below,Silu,5,2,1,0,1,163,,6/12/2018,,,0,,163
25,93E,93E,93EFemale2018,22,22,0,2018,Female,1Laying,15,585,6/12/2018,Snowmobile,Below,Kevin,1,2,3,0,3,158,193,6/7/2018,7/12/2018,3,1,3,163
26,23Male,,23Male2018,23,23,0,2018,Male,1Laying,15,585,6/12/2018,Snowmobile,Below,Kevin,10,2,3,0,3,159,195,6/8/2018,7/14/2018,2,1,1,163
266,184Male,,28Male2019,28,184,1,2019,Male,2Incubating,15,585,6/18/2019,Snowmobile,Above,Rebekah,5,2,4,0,4,,,,,0,0,0,169
352,45K,45K,45KFemale2019,33,189,1,2019,Female,2Incubating,15,585,7/6/2019,Quad,Above,Erik,2,2,4,0,4,,,,,0,0,0,187
377,45K,45K,45KFemale2019,33,189,1,2019,Female,2Incubating,15,585,7/14/2019,Quad,Below,Erik,2,2,2,0,4,,,,,0,0,0,195
64,49E,49E,49EFemale2018,33,33,0,2018,Female,2Incubating,15,585,6/22/2018,Quad,Above,Silu,20,2,3,0,3,,201,,7/20/2018,2,1,2,173
122,49E,49E,49EFemale2018,33,33,0,2018,Female,2Incubating,15,585,7/14/2018,Quad,Above,Silu,2,2,3,0,3,,201,,7/20/2018,2,1,2,195
44,40Male,,40Male2018,40,40,0,2018,Male,1Laying,15,585,6/14/2018,Snowmobile,Below,Alexandre,5,2,2,0,4,161,200,6/10/2019,7/19/2018,3,1,1,165
197,91C,91C,91CFemale2018,40,40,0,2018,Female,3Provisioning,15,585,8/6/2018,Quad,Above,Erik,3,1,0,1,4,161,200,6/10/2019,7/19/2018,3,1,1,218
428,91C,91C,91CFemale2019,40,196,1,2019,Female,3Provisioning,15,585,7/26/2019,Boat,Below,Erik,2,1,0,3,4,167,204,6/16/2019,7/23/2019,3,0,0,207
15,155Female,,45Female2018,45,155,0,2018,Female,1Laying,15,585,6/11/2018,Snowmobile,Below,Silu,4,2,1,0,3,162,200,6/11/2018,7/19/2018,3,1,3,162
250,155Female,,45Female2018,45,155,0,2018,Female,3Provisioning,15,585,8/6/2018,Boat,Below,Erik,6,2,0,3,3,162,200,6/11/2018,7/19/2018,3,1,3,218
251,155Male,,45Male2018,45,155,0,2018,Male,3Provisioning,15,585,8/6/2018,Boat,Below,Erik,6,2,0,3,3,162,200,6/11/2018,7/19/2018,3,1,3,218
447,201Female,,45Female2019,45,201,1,2019,Female,3Provisioning,15,585,7/26/2019,Boat,Above,Erik,1,1,0,1,3,162,200,6/11/2019,7/19/2019,1,1,1,207
82,47Female,,47Female2018,47,47,0,2018,Female,2Incubating,15,585,6/28/2018,Quad,Above,Kevin,3,2,3,0,3,,203,,7/22/2018,3,0,0,179
102,47Female,,47Female2018,47,47,0,2018,Female,2Incubating,15,585,7/7/2018,Quad,Above,Erik,150,1,0,0,3,,203,,7/22/2018,3,0,0,188
215,32K,32K,32KFemale2018,51,51,0,2018,Female,3Provisioning,15,585,7/31/2018,Quad,Above,Erik,2,1,0,3,4,,197,,7/16/2018,3,1,1,212
289,25K,25K,25KFemale2019,52,208,1,2019,Female,1Laying,15,585,6/19/2019,Snowmobile,Side,Rebekah,10,2,4,0,4,,198,,7/17/2019,3,0,0,170
150,53Male,,53Male2018,53,53,0,2018,Male,3Provisioning,15,585,7/19/2018,Boat,Below,Erik,2,2,0,3,3,162,199,6/11/2018,7/18/2018,3,0,0,200
80,45K,45K,45KFemale2018,57,57,0,2018,Female,2Incubating,15,585,6/28/2018,Quad,Above,Kevin,3,2,3,0,3,162,198,6/11/2018,7/17/2018,2,1,2,179
124,45K,45K,45KFemale2018,57,57,0,2018,Female,2Incubating,15,585,7/14/2018,Quad,Above,Silu,2,1,3,0,3,162,198,6/11/2018,7/17/2018,2,1,2,195
182,45K,45K,45KFemale2018,57,57,0,2018,Female,3Provisioning,15,585,7/25/2018,Quad,Above,Erik,1,2,0,2,3,162,198,6/11/2018,7/17/2018,2,1,2,206
228,57Male,,57Male2018,57,57,0,2018,Male,3Provisioning,15,585,8/13/2018,Quad,Above,Erik,1,2,0,2,3,162,198,6/11/2018,7/17/2018,2,1,2,225
76,58Male,,58Male2018,58,58,0,2018,Male,2Incubating,15,585,6/27/2018,Quad,Below,Kevin,5,2,3,0,3,163,,6/12/2018,,,0,0,178
51,89C,89C,89CFemale2018,58,58,0,2018,Female,1Laying,15,585,6/15/2018,Quad,Below,Kevin,20,2,2,0,3,163,,6/12/2018,,,0,0,166
300,228Female,,72Female2019,72,228,1,2019,Female,1Laying,15,585,6/11/2019,Snowmobile,Above,Erik,-99,2,0,0,3,,,,,0,0,0,162
330,228Male,,72Male2019,72,228,1,2019,Male,1Laying,15,585,6/26/2019,Snowmobile,Above,Nick,3,2,3,0,3,,,,,0,0,0,177
19,19K,19K,19KFemale2018,75,75,0,2018,Female,1Laying,15,585,6/11/2018,Snowmobile,Below,Silu,3,2,3,0,4,157,193,6/6/2018,7/12/2018,2,1,1,162
243,19K,19K,19KFemale2018,75,75,0,2018,Female,3Provisioning,15,585,8/8/2018,Quad,Above,Erik,3,2,0,1,4,157,193,6/6/2018,7/12/2018,2,1,1,220
18,92H,92H,92HMale2018,75,75,0,2018,Male,1Laying,15,585,6/11/2018,Snowmobile,Below,Kevin,3,2,3,0,4,157,193,6/6/2018,7/12/2018,2,1,1,162
165,38A,38A,38AMale2018,77,77,0,2018,Male,3Provisioning,15,585,7/23/2018,Quad,Above,Erik,1,2,0,3,3,166,198,6/15/2018,7/17/2018,3,1,1,204
204,38A,38A,38AMale2018,77,77,0,2018,Male,3Provisioning,15,585,8/3/2018,Quad,Above,Erik,3,2,0,2,3,166,198,6/15/2018,7/17/2018,3,1,1,215
216,47E,47E,47EFemale2018,78,78,0,2018,Female,3Provisioning,15,585,7/31/2018,Quad,Above,Erik,5,1,0,2,3,160,199,6/9/2018,7/18/2018,2,1,2,212
33,80Female,,80Female2018,80,80,0,2018,Female,1Laying,15,585,6/12/2018,Snowmobile,Below,Kevin,15,1,2,0,4,161,197,6/10/2018,7/16/2018,3,0,0,163
310,241Female,,85Female2019,85,241,1,2019,Female,1Laying,15,585,6/18/2019,Quad,Above,Nick,2,2,2,0,2,,,,,0,0,0,169
360,251Female,,95Female2019,95,251,1,2019,Female,2Incubating,15,585,7/8/2019,Quad,Side,Rebekah,3,2,3,0,3,,200,,7/19/2019,3,0,0,189
31,97Female,,97Female2018,97,97,0,2018,Female,1Laying,15,585,6/12/2018,Snowmobile,Below,Kevin,1,2,2,0,4,161,196,6/10/2018,7/15/2018,3,1,2,163
153,97Female,,97Female2018,97,97,0,2018,Female,3Provisioning,15,585,7/19/2018,Boat,Below,Erik,1,2,0,3,4,161,196,6/10/2018,7/15/2018,3,1,2,200
235,97Female,,97Female2018,97,97,0,2018,Female,3Provisioning,15,585,8/10/2018,Boat,Below,Erik,2,1,0,2,4,161,196,6/10/2018,7/15/2018,3,1,2,222
162,98Male,,98Male2018,98,98,0,2018,Male,2Incubating,15,585,7/20/2018,Quad,Above,Silu,3,2,0,3,3,,,,,,0,0,201
341,318Male,,161Male2019,161,318,1,2019,Male,1Laying,15,585,6/26/2019,Snowmobile,Below,Nick,2,2,3,0,3,,,,,,0,0,177
362,231Female,,75Female2019,75,231,1,2019,Female,2Incubating,17,583,7/10/2019,Quad,Below,Erik,3,More than 2,4,0,4,,196,,7/15/2019,4,0,0,191
28,156Male,,16Male2018,16,156,0,2018,Male,1Laying,20,580,6/12/2018,Snowmobile,Below,Kevin,5,2,1,0,1,163,,6/12/2018,,,0,,163
72,43A,43A,43AMale2018,18,18,0,2018,Male,2Incubating,20,580,6/26/2018,Quad,Above,Kevin,5,2,4,0,4,159,195,6/8/2018,7/14/2018,4,1,3,177
126,43A,43A,43AMale2018,18,18,0,2018,Male,2Incubating,20,580,7/12/2018,Quad,Above,Erik,3,2,4,0,4,159,195,6/8/2018,7/14/2018,4,1,3,193
412,179Female,,23Female2019,23,179,1,2019,Female,3Provisioning,20,580,7/22/2019,Boat,Below,Rebekah,20,1,0,0,3,161,195,6/10/2019,7/14/2019,2,0,0,203
34,41H,41H,41HMale2018,29,29,0,2018,Male,1Laying,20,580,6/12/2018,Snowmobile,Below,Kevin,1,2,3,0,4,158,194,6/7/2018,7/13/2018,4,0,0,163
376,15C,15C,15CMale2019,33,189,1,2019,Male,2Incubating,20,580,7/14/2019,Quad,Below,Erik,2,2,2,0,4,,,,,0,0,0,195
436,24K,24K,24KFemale2019,39,195,1,2019,Female,3Provisioning,20,580,7/26/2019,Boat,Above,Erik,5,2,0,4,4,160,196,6/9/2019,7/15/2019,4,1,1,207
21,91C,91C,91CFemale2018,40,40,0,2018,Female,1Laying,20,580,6/11/2018,Snowmobile,Below,Kevin,5,2,1,0,4,161,200,6/10/2019,7/19/2018,3,1,1,162
62,47Female,,47Female2018,47,47,0,2018,Female,2Incubating,20,580,6/22/2018,Quad,Above,Silu,3,1,3,0,3,,203,,7/22/2018,3,0,0,173
120,47Female,,47Female2018,47,47,0,2018,Female,2Incubating,20,580,7/14/2018,Quad,Above,Silu,2,2,3,0,3,,203,,7/22/2018,3,0,0,195
178,47Female,,47Female2018,47,47,0,2018,Female,3Provisioning,20,580,7/25/2018,Quad,Above,Erik,2,2,0,3,3,,203,,7/22/2018,3,0,0,206
106,32K,32K,32KFemale2018,51,51,0,2018,Female,2Incubating,20,580,7/8/2018,Quad,Above,Erik,50,0,4,0,4,,197,,7/16/2018,3,1,1,189
43,53Female,,53Female2018,53,53,0,2018,Female,1Laying,20,580,6/13/2018,Snowmobile,Below,Alexandre,2,2,2,0,3,162,199,6/11/2018,7/18/2018,3,0,0,164
37,45K,45K,45KFemale2018,57,57,0,2018,Female,1Laying,20,580,6/13/2018,Snowmobile,Above,Silu,5,2,2,0,3,162,198,6/11/2018,7/17/2018,2,1,2,164
355,214Male,,58Male2019,58,214,1,2019,Male,2Incubating,20,580,7/7/2019,Quad,Above,Kevin,2,More than 2,4,0,4,,199,,7/18/2019,2,0,0,188
11,59Male,,59Male2018,59,59,0,2018,Male,1Laying,20,580,6/10/2018,Snowmobile,Below,Kevin,20,2,1,0,4,,,,,,0,0,161
71,87C,87C,87CFemale2018,59,59,0,2018,Female,2Incubating,20,580,6/25/2018,Quad,Above,Kevin,5,2,4,0,4,,,,,,0,0,176
368,215Female,,59Female2019,59,215,1,2019,Female,2Incubating,20,580,7/11/2019,Quad,Above,Erik,7,2,4,0,4,,193,,7/12/2019,2,0,0,192
369,215Male,,59Male2019,59,215,1,2019,Male,2Incubating,20,580,7/11/2019,Quad,Above,Erik,7,2,4,0,4,,193,,7/12/2019,2,0,0,192
359,223Female,,67Female2019,67,223,1,2019,Female,2Incubating,20,580,7/8/2019,Quad,Below,Erik,4,2,4,0,4,,,,,,0,0,189
1,03M,03M,03MMale2018,74,74,0,2018,Male,1Laying,20,580,6/9/2018,Snowmobile,Below,Kevin,3,2,3,0,4,156,,6/5/2018,,,0,0,160
203,19K,19K,19KFemale2018,75,75,0,2018,Female,3Provisioning,20,580,8/3/2018,Quad,Above,Erik,3,2,0,1,4,157,193,6/6/2018,7/12/2018,2,1,1,215
306,38A,38A,38AMale2019,77,233,1,2019,Male,1Laying,20,580,6/18/2019,Quad,Above,Nick,10,2,1,0,2,168,,6/17/2019,,0,0,0,169
4,47E,47E,47EFemale2018,78,78,0,2018,Female,1Laying,20,580,6/9/2018,Snowmobile,Below,Kevin,1,2,1,0,3,160,199,6/9/2018,7/18/2018,2,1,2,160
201,47E,47E,47EFemale2018,78,78,0,2018,Female,3Provisioning,20,580,8/5/2018,Quad,Above,Erik,3,1,0,2,3,160,199,6/9/2018,7/18/2018,2,1,2,217
3,78Male,,78Male2018,78,78,0,2018,Male,1Laying,20,580,6/9/2018,Snowmobile,Below,Alexandre,1,2,1,0,3,160,199,6/9/2018,7/18/2018,2,1,2,160
308,236Female,,80Female2019,80,236,1,2019,Female,2Incubating,20,580,6/18/2019,Snowmobile,Above,Rebekah,5,1,4,0,4,,,,,0,0,0,169
311,241Male,,85Male2019,85,241,1,2019,Male,1Laying,20,580,6/18/2019,Quad,Above,Kevin,2,2,2,0,2,,,,,0,0,0,169
249,97Female,,97Female2018,97,97,0,2018,Female,3Provisioning,20,580,8/6/2018,Boat,Below,Erik,2,1,0,2,4,161,196,6/10/2018,7/15/2018,3,1,2,218
163,98Female,,98Female2018,98,98,0,2018,Female,2Incubating,20,580,7/20/2018,Quad,Above,Erik,3,2,3,0,3,,,,,,0,0,201
442,304Female,,151Female2019,151,304,1,2019,Female,3Provisioning,20,580,7/29/2019,Quad,Below,Erik,4,2,0,3,3,166,200,6/15/2019,7/19/2018,3,1,2,210
366,75B,75B,75BFemale2019,162,319,1,2019,Female,2Incubating,20,580,7/11/2019,Quad,Above,Erik,6,2,3,0,3,,,,,0,0,0,192
367,319Male,,162Male2019,162,319,1,2019,Male,2Incubating,20,580,7/11/2019,Quad,Above,Erik,6,2,3,0,3,,,,,0,0,0,192
255,157Female,,1Female2019,1,157,1,2019,Female,1Laying,21,579,6/15/2019,Quad,Above,Erik,2,2,3,0,3,162,198,6/11/2019,7/17/2019,1,0,0,166
265,55K,55K,55KFemale2019,28,184,1,2019,Female,1Laying,22,578,6/11/2019,Snowmobile,Below,Erik,-99,2,0,0,4,,,,,0,0,0,162
284,201Female,,45Female2019,45,201,1,2019,Female,1Laying,22,578,6/12/2019,Snowmobile,Below,Erik,1,1,2,0,3,162,200,6/11/2019,7/19/2019,1,1,1,163
139,55K,55K,55KFemale2018,29,29,0,2018,Female,3Provisioning,23,577,7/17/2018,Boat,Below,Erik,1,1,0,1,4,158,194,6/7/2018,7/13/2018,4,0,0,198
16,12Female,,12Female2018,12,12,0,2018,Female,1Laying,25,575,6/11/2018,Snowmobile,Below,Kevin,12,2,1,0,2,162,,6/11/2018,,,0,0,162
17,12Male,,12Male2018,12,12,0,2018,Male,1Laying,25,575,6/11/2018,Snowmobile,Below,Silu,12,2,1,0,2,162,,6/11/2018,,,0,0,162
137,23Male,,23Male2018,23,23,0,2018,Male,3Provisioning,25,575,7/17/2018,Boat,Above,Erik,10,2,1,2,3,159,195,6/8/2018,7/14/2018,2,1,1,198
274,193Male,,37Male2019,37,193,1,2019,Male,2Incubating,25,575,6/18/2019,Quad,Above,Nick,3,2,4,0,4,,201,,7/20/2019,4,0,0,169
357,193Male,,37Male2019,37,193,1,2019,Male,2Incubating,25,575,7/8/2019,Quad,Side,Erik,2,More than 2,4,0,4,,201,,7/20/2019,4,0,0,189
213,47Female,,47Female2018,47,47,0,2018,Female,3Provisioning,25,575,7/31/2018,Quad,Above,Erik,3,1,0,3,3,,203,,7/22/2018,3,0,0,212
209,45K,45K,45KFemale2018,57,57,0,2018,Female,3Provisioning,25,575,8/1/2018,Quad,Above,Erik,5,2,0,2,3,162,198,6/11/2018,7/17/2018,2,1,2,213
183,57Male,,57Male2018,57,57,0,2018,Male,3Provisioning,25,575,7/25/2018,Quad,Above,Erik,1,2,0,2,3,162,198,6/11/2018,7/17/2018,2,1,2,206
208,57Male,,57Male2018,57,57,0,2018,Male,3Provisioning,25,575,8/1/2018,Quad,Above,Erik,5,2,0,2,3,162,198,6/11/2018,7/17/2018,2,1,2,213
156,89C,89C,89CFemale2018,58,58,0,2018,Female,2Incubating,25,575,7/20/2018,Quad,Below,Erik,6,2,3,0,3,163,,6/12/2018,,,0,0,201
118,47E,47E,47EFemale2018,78,78,0,2018,Female,2Incubating,25,575,7/14/2018,Quad,Side,Matthew,3,1,3,0,3,160,199,6/9/2018,7/18/2018,2,1,2,195
380,32K,32K,32KFemale2019,105,261,1,2019,Female,3Provisioning,25,575,7/16/2019,Quad,Above,Rebekah,2,2,1,3,4,159,195,6/8/2019,7/14/2019,3,0,0,197
448,32K,32K,32KFemale2019,105,261,1,2019,Female,3Provisioning,25,575,8/1/2019,Boat,Below,Rebekah,4,1,0,2,4,159,195,6/8/2019,7/14/2019,3,0,0,213
12,87K,87K,87KFemale2018,147,145,0,2018,Female,1Laying,25,575,6/10/2018,Snowmobile,Above,Kevin,3,1,1,0,4,161,196,6/10/2018,7/15/2018,2,0,0,161
462,304Female,,151Female2019,151,304,1,2019,Female,3Provisioning,25,575,8/14/2019,Boat,Below,Nick,1,2,0,2,3,166,200,6/15/2019,7/19/2018,3,1,2,226
48,4Female,,4Female2018,4,4,0,2018,Female,1Laying,30,570,6/15/2018,Quad,Below,Alexandre,1,2,1,0,1,165,,6/14/2018,,0,0,0,166
27,23Female,,23Female2018,23,23,0,2018,Female,1Laying,30,570,6/12/2018,Snowmobile,Below,Alexandre,10,2,3,0,3,159,195,6/8/2018,7/14/2018,2,1,1,163
244,23Male,,23Male2018,23,23,0,2018,Male,3Provisioning,30,570,8/7/2018,Boat,Above,Erik,2,2,0,1,3,159,195,6/8/2018,7/14/2018,2,1,1,219
35,55K,55K,55KFemale2018,29,29,0,2018,Female,1Laying,30,570,6/12/2018,Snowmobile,Below,Silu,1,2,3,0,4,158,194,6/7/2018,7/13/2018,4,0,0,163
275,88C,88C,88CFemale2019,37,193,1,2019,Female,2Incubating,30,570,6/18/2019,Quad,Above,Silu,3,2,4,0,4,,201,,7/20/2019,4,0,0,169
277,193Male,,37Male2019,37,193,1,2019,Male,2Incubating,30,570,6/22/2019,Quad,Above,Rebekah,3,2,4,0,4,,201,,7/20/2019,4,0,0,173
20,40Male,,40Male2018,40,40,0,2018,Male,1Laying,30,570,6/11/2018,Snowmobile,Below,Silu,5,2,1,0,4,161,200,6/10/2019,7/19/2018,3,1,1,162
45,91C,91C,91CFemale2018,40,40,0,2018,Female,1Laying,30,570,6/14/2018,Snowmobile,Below,Silu,5,2,2,0,4,161,200,6/10/2019,7/19/2018,3,1,1,165
282,91C,91C,91CFemale2019,40,196,1,2019,Female,1Laying,30,570,6/20/2019,Snowmobile,Below,Nick,5,2,3,0,4,167,204,6/16/2019,7/23/2019,3,0,0,171
81,57Male,,57Male2018,57,57,0,2018,Male,2Incubating,30,570,6/28/2018,Quad,Above,Silu,3,2,3,0,3,162,198,6/11/2018,7/17/2018,2,1,2,179
50,58Male,,58Male2018,58,58,0,2018,Male,1Laying,30,570,6/15/2018,Quad,Below,Alexandre,20,2,2,0,3,163,,6/12/2018,,,0,0,166
188,89C,89C,89CFemale2018,58,58,0,2018,Female,2Incubating,30,570,7/26/2018,Quad,Below,Erik,3,1,3,0,3,163,,6/12/2018,,,0,0,207
404,214Male,,58Male2019,58,214,1,2019,Male,3Provisioning,30,570,7/19/2019,Quad,Above,Nick,2,2,2,2,4,,199,,7/18/2019,2,0,0,200
337,215Female,,59Female2019,59,215,1,2019,Female,2Incubating,30,570,6/28/2019,Quad,Above,Nick,2,More than 2,4,0,4,,193,,7/12/2019,2,0,0,179
52,38A,38A,38AMale2018,77,77,0,2018,Male,1Laying,30,570,6/17/2018,Quad,Above,Alexandre,1,2,2,0,3,166,198,6/15/2018,7/17/2018,3,1,1,168
317,90C,90C,90CFemale2019,97,253,1,2019,Female,2Incubating,30,570,6/17/2019,Snowmobile,Below,Silu,3,2,4,0,4,,,,,0,0,0,168
98,119Male,,119Male2018,119,119,0,2018,Male,2Incubating,30,570,7/5/2018,Quad,Above,Erik,3,2,3,0,3,162,,6/11/2018,,,0,0,186
339,319Male,,162Male2019,162,319,1,2019,Male,1Laying,30,570,6/28/2019,Quad,Below,Rebekah,10,2,3,0,3,,,,,0,0,0,179
415,186Female,,30Female2019,30,186,1,2019,Female,3Provisioning,35,565,7/25/2019,Boat,Below,Nick,2,1,0,2,4,,197,,7/16/2019,2,0,0,206
271,45K,45K,45KFemale2019,33,189,1,2019,Female,1Laying,35,565,6/15/2019,Quad,Above,Erik,-99,2,0,0,4,,,,,0,0,0,166
14,155Male,,45Male2018,45,155,0,2018,Male,1Laying,35,565,6/11/2018,Snowmobile,Below,Kevin,4,2,1,0,3,162,200,6/11/2018,7/19/2018,3,1,3,162
389,201Female,,45Female2019,45,201,1,2019,Female,2Incubating,35,565,7/17/2019,Boat,Above,Nick,2,2,3,0,3,162,200,6/11/2019,7/19/2019,1,1,1,198
292,217Female,,61Female2019,61,217,1,2019,Female,1Laying,35,565,6/19/2019,Quad,Below,Nick,5,2,3,0,3,,199,,7/18/2019,3,0,0,170
105,78Male,,78Male2018,78,78,0,2018,Male,2Incubating,35,565,7/8/2018,Quad,Side,Matthew,5,2,3,0,3,160,199,6/9/2018,7/18/2018,2,1,2,189
361,49H,49H,49HMale2019,95,251,1,2019,Male,2Incubating,35,565,7/8/2019,Quad,Side,Rebekah,2,2,3,0,3,,200,,7/19/2019,3,0,0,189
7,93E,93E,93EFemale2018,22,22,0,2018,Female,1Laying,40,560,6/8/2018,Snowmobile,Below,Ashton,3,2,1,0,3,158,193,6/7/2018,7/12/2018,3,1,3,159
279,24K,24K,24KFemale2019,39,195,1,2019,Female,1Laying,40,560,6/12/2019,Snowmobile,Below,Erik,3,2,3,0,4,160,196,6/9/2019,7/15/2019,4,1,1,163
149,53Female,,53Female2018,53,53,0,2018,Female,3Provisioning,40,560,7/19/2018,Boat,Below,Silu,2,2,0,3,3,162,199,6/11/2018,7/18/2018,3,0,0,200
293,217Male,,61Male2019,61,217,1,2019,Male,1Laying,40,560,6/19/2019,Quad,Below,Nick,5,2,3,0,3,,199,,7/18/2019,3,0,0,170
2,83K,83K,83KFemale2018,74,74,0,2018,Female,2Incubating,40,560,6/9/2018,Snowmobile,Below,Ashton,3,2,3,0,4,156,,6/5/2018,,,0,0,160
38,83K,83K,83KFemale2018,74,74,0,2018,Female,1Laying,40,560,6/13/2018,Snowmobile,Above,Kevin,5,1,4,0,4,156,,6/5/2018,,,0,0,164
74,119Female,,119Female2018,119,119,0,2018,Female,2Incubating,40,560,6/26/2018,Quad,Above,Kevin,5,2,3,0,3,162,,6/11/2018,,,0,0,177
386,168Female,,12Female2019,12,168,1,2019,Female,3Provisioning,45,555,7/17/2019,Boat,Above,Nick,2,2,0,4,4,159,195,6/8/2019,7/14/2019,4,1,1,198
385,193Male,,37Male2019,37,193,1,2019,Male,2Incubating,45,555,7/15/2019,Quad,Above,Nick,2,2,4,0,4,,201,,7/20/2019,4,0,0,196
288,89E,89E,89EMale2019,52,208,1,2019,Male,1Laying,45,555,6/19/2019,Snowmobile,Side,Kevin,10,2,4,0,4,,198,,7/17/2019,3,0,0,170
267,55K,55K,55KFemale2019,28,184,1,2019,Female,2Incubating,50,550,6/18/2019,Snowmobile,Above,Erik,5,2,4,0,4,,,,,0,0,0,169
40,30Male,,30Male2018,30,30,0,2018,Male,1Laying,50,550,6/13/2018,Snowmobile,Below,Kevin,1,2,2,0,3,162,198,6/11/2018,7/17/2018,3,0,0,164
269,186Female,,30Female2019,30,186,1,2019,Female,2Incubating,50,550,6/19/2019,Snowmobile,Below,Kevin,10,1,4,0,4,,197,,7/16/2019,2,0,0,170
393,24K,24K,24KFemale2019,39,195,1,2019,Female,3Provisioning,50,550,7/17/2019,Boat,Below,Nick,2,2,0,4,4,160,196,6/9/2019,7/15/2019,4,1,1,198
469,24K,24K,24KFemale2019,39,195,1,2019,Female,3Provisioning,50,550,8/9/2019,Boat,Above,Nick,2,2,0,1,4,160,196,6/9/2019,7/15/2019,4,1,1,221
283,196Male,,40Male2019,40,196,1,2019,Male,1Laying,50,550,6/20/2019,Snowmobile,Below,Nick,5,2,3,0,4,167,204,6/16/2019,7/23/2019,3,0,0,171
10,87C,87C,87CFemale2018,59,59,0,2018,Female,1Laying,50,550,6/10/2018,Snowmobile,Below,Ashton,20,2,1,0,4,,,,,,0,0,161
295,219Female,,63Female2019,63,219,1,2019,Female,2Incubating,50,550,6/18/2019,Quad,Below,Nick,5,2,1,0,1,169,,6/18/2019,,0,0,0,169
294,219Male,,63Male2019,63,219,1,2019,Male,1Laying,50,550,6/18/2019,Quad,Below,Kevin,5,2,1,0,1,169,,6/18/2019,,0,0,0,169
55,78Male,,78Male2018,78,78,0,2018,Male,2Incubating,50,550,6/18/2018,Quad,Above,Kevin,2,2,3,0,3,160,199,6/9/2018,7/18/2018,2,1,2,169
382,47E,47E,47EFemale2019,78,234,1,2019,Female,2Incubating,50,550,7/15/2019,Quad,Above,Nick,2,2,3,0,3,,,,,0,0,0,196
187,1Male,,1Male2018,1,1,0,2018,Male,3Provisioning,51,549,7/26/2018,Quad,Above,Silu,2,2,0,2,2,160,199,6/9/2018,7/18/2018,2,1,2,207
280,24K,24K,24KFemale2019,39,195,1,2019,Female,2Incubating,60,540,6/20/2019,Snowmobile,Below,Nick,5,2,4,0,4,160,196,6/9/2019,7/15/2019,4,1,1,171
291,89C,89C,89CFemale2019,58,214,1,2019,Female,2Incubating,60,540,6/21/2019,Quad,Below,Nick,2,1,4,0,4,,199,,7/18/2019,2,0,0,172
298,87K,87K,87KFemale2019,71,227,1,2019,Female,1Laying,60,540,6/21/2019,Quad,Above,Nick,2,2,3,0,3,,,,,0,0,0,172
387,168Male,,12Male2019,12,168,1,2019,Male,3Provisioning,70,530,7/17/2019,Boat,Above,Nick,2,2,0,4,4,159,195,6/8/2019,7/14/2019,4,1,1,198
261,175Male,,19Male2019,19,175,1,2019,Male,1Laying,70,530,6/18/2019,Snowmobile,Below,Erik,2,2,3,0,3,,,,,0,0,0,169
342,231Female,,75Female2019,75,231,1,2019,Female,2Incubating,70,530,7/4/2019,Quad,Below,Rebekah,2,2,4,0,4,,196,,7/15/2019,4,0,0,185
313,244Female,,88Female2019,88,244,1,2019,Female,2Incubating,70,530,6/19/2019,Quad,Above,Nick,2,2,4,0,4,,,,,,0,0,170
315,251Female,,95Female2019,95,251,1,2019,Female,1Laying,70,530,6/22/2019,Quad,Above,Nick,2,2,3,0,3,,200,,7/19/2019,3,0,0,173
258,168Male,,12Male2019,12,168,1,2019,Male,2Incubating,75,525,6/20/2019,Snowmobile,Below,Nick,5,2,4,0,4,159,195,6/8/2019,7/14/2019,4,1,1,171
296,223Female,,67Female2019,67,223,1,2019,Female,2Incubating,75,525,6/22/2019,Quad,Below,Nick,3,2,4,0,4,,,,,,0,0,173
423,47E,47E,47EFemale2019,78,234,1,2019,Female,2Incubating,75,525,7/24/2019,Quad,Above,Nick,2,1,2,0,3,,,,,0,0,0,205
349,244Female,,88Female2019,88,244,1,2019,Female,2Incubating,75,525,7/5/2019,Quad,Below,Nick,2,2,3,0,4,,,,,,0,0,186
398,304Female,,151Female2019,151,304,1,2019,Female,2Incubating,75,525,7/18/2019,Boat,Below,Nick,2,2,3,0,3,166,200,6/15/2019,7/19/2018,3,1,2,199
336,215Male,,59Male2019,59,215,1,2019,Male,2Incubating,80,520,6/28/2019,Quad,Above,Rebekah,2,More than 2,4,0,4,,193,,7/12/2019,2,0,0,179
331,228Female,,72Female2019,72,228,1,2019,Female,1Laying,80,520,6/26/2019,Snowmobile,Above,Nick,3,2,3,0,3,,,,,0,0,0,177
424,254Female,,98Female2019,98,254,1,2019,Female,3Provisioning,80,520,7/22/2019,Quad,Side,Nick,2,2,0,1,4,,201,,7/20/2019,1,0,0,203
340,318Female,,161Female2019,161,318,1,2019,Female,1Laying,80,520,6/26/2019,Snowmobile,Below,Rebekah,2,2,3,0,3,,,,,,0,0,177
334,160Male,,4Male2019,4,160,1,2019,Male,2Incubating,100,500,6/28/2019,Quad,Above,Nick,1,2,4,0,4,161,198,6/10/2018,7/17/2019,4,0,0,179
401,215Male,,59Male2019,59,215,1,2019,Male,3Provisioning,100,500,7/19/2019,Quad,Above,Nick,2,2,1,2,4,,193,,7/12/2019,2,0,0,200
237,47E,47E,47EFemale2018,78,78,0,2018,Female,3Provisioning,100,500,8/9/2018,Quad,Above,Erik,5,1,0,2,3,160,199,6/9/2018,7/18/2018,2,1,2,221
332,157Female,,1Female2019,1,157,1,2019,Female,1Laying,120,480,6/28/2019,Quad,Above,Nick,2,2,3,0,3,162,198,6/11/2019,7/17/2019,1,0,0,179
338,75B,75B,75BFemale2019,162,319,1,2019,Female,1Laying,120,480,6/28/2019,Quad,Below,Nick,10,2,3,0,3,,,,,0,0,0,179
410,157Female,,1Female2019,1,157,1,2019,Female,3Provisioning,150,450,7/23/2019,Quad,Above,Nick,2,2,1,1,3,162,198,6/11/2019,7/17/2019,1,0,0,204
286,50H,50H,50HMale2019,45,201,1,2019,Male,1Laying,150,450,6/20/2019,Snowmobile,Below,Nick,1,2,3,0,3,162,200,6/11/2019,7/19/2019,1,1,1,171
297,223Male,,67Male2019,67,223,1,2019,Male,2Incubating,150,450,6/22/2019,Quad,Below,Nick,3,2,4,0,4,,,,,,0,0,173
299,227Male,,71Male2019,71,227,1,2019,Male,1Laying,150,450,6/21/2019,Quad,Above,Nick,2,2,3,0,3,,,,,0,0,0,172
381,43H,43H,43HMale2019,105,261,1,2019,Male,3Provisioning,150,450,7/16/2019,Quad,Above,Rebekah,2,2,1,3,4,159,195,6/8/2019,7/14/2019,3,0,0,197
49,4Male,,4Male2018,4,4,0,2018,Male,1Laying,167,433,6/15/2018,Quad,Below,Kevin,1,2,1,0,1,165,,6/14/2018,,0,0,0,166
461,01H,01H,01HMale2019,8,164,1,2019,Male,3Provisioning,200,400,8/14/2019,Boat,Below,Nick,1,2,0,2,3,,197,,7/16/2019,2,1,1,226
388,50H,50H,50HMale2019,45,201,1,2019,Male,2Incubating,200,400,7/17/2019,Boat,Above,Nick,2,2,3,0,3,162,200,6/11/2019,7/19/2019,1,1,1,198
397,89E,89E,89EMale2019,52,208,1,2019,Male,3Provisioning,200,400,7/18/2019,Boat,Below,Nick,2,2,1,3,4,,198,,7/17/2019,3,0,0,199
383,234Male,,78Male2019,78,234,1,2019,Male,2Incubating,200,400,7/15/2019,Quad,Above,Nick,2,2,3,0,3,,,,,0,0,0,196
322,304Female,,151Female2019,151,304,1,2019,Female,1Laying,200,400,6/17/2019,Snowmobile,Below,Erik,3,2,2,0,3,166,200,6/15/2019,7/19/2018,3,1,2,168
56,32K,32K,32KFemale2018,51,51,0,2018,Female,2Incubating,300,300,6/18/2018,Quad,Above,Kevin,2,1,4,0,4,,197,,7/16/2018,3,1,1,169
36,57Male,,57Male2018,57,57,0,2018,Male,1Laying,300,300,6/13/2018,Snowmobile,Above,Kevin,5,2,2,0,3,162,198,6/11/2018,7/17/2018,2,1,2,164
314,49H,49H,49HMale2019,95,251,1,2019,Male,1Laying,300,300,6/22/2019,Quad,Above,Nick,2,2,3,0,3,,200,,7/19/2019,3,0,0,173
304,231Female,,75Female2019,75,231,1,2019,Female,2Incubating,350,250,6/18/2019,Quad,Below,Silu,2,2,4,0,4,,196,,7/15/2019,4,0,0,169
307,85C,85C,85CFemale2019,77,233,1,2019,Female,1Laying,600,0,6/18/2019,Quad,Above,Kevin,10,2,1,0,2,168,,6/17/2019,,0,0,0,169
